email;firstname;lastname;phonenumber;password;username;walletid;rippel;avalanche;lightcoin;day;stellar;money;demo;imagePath
e@gmail.com;eeee;eee;09151055123;123456Ab;123456Ab;123456789;0;0;0;0;0;0;0;NULL
;;;JGJ;;;;0;0;0;0;0;0;0;NULL
mani.abdolalizade@gmail.com;mani;ab;09911989890;123456Ab;123456Ab;123456Ab;0;0;0;0;0;0;0;NULL
sss.abdolalizade@gmail.com;salma;es;09911289890;123456Ac;123456Ac;123456Ac;0;0;0;0;0;0;0;NULL
fffffff.abdolalizade@gmail.com;fff;ffffff;09919289890;123456Aa;123456Aa;123456Aa;0;0;0;0;0;0;0;NULL
jjjjj.abdolalizade@gmail.com;jjjjj;jjjjj;09917289890;123456Jj;123456Jj;123456Jj;0;0;0;0;0;0;1;"C:\Users\mania\Desktop\New folder\New folder\9f8136027ea26fe98e0623bdfe8925e9.jpg"
mm@gmail.com;mm;aa;09251634875;NULL;770000012;3h6t7xmvjm;0;0;0;0;0;0;0;NULL
man@gmail.com;man;man;09145892546;NULL;912000338;x422dhu3g2;0;0;0;0;0;0;0;NULL
mac@gmail.com;mac;mac;09254623518;123456Ab;803000264;onlnk2o0x3;0;0;0;0;0;0;0;NULL
l@gmail.com;l;l;09148659876;123456Ab;383001856;bts7gdogzn;0;0;0;0;0;0;0;NULL
dd@gmail.com;dd;dd;09569863215;123456Ab;705000730;23hlf8v649;0;0;0;0;0;0;0;NULL
fffff.abdolalizade@gmail.com;ffffff;jjjffffjj;09917200890;123456Ff;123456Ff;123456Fff;0;0;0;0;0;0;1;""C:\Users\mania\Desktop\New folder\New folder\6783f52df44118a647d96c8dabaa83c1.jpg""
zzzzz.abdolalizade@gmail.com;zzzzz;zzzzz;09007200890;123456Zz;123456Zz;123456Zz;0;0;0;0;0;0;1;file:/C:/Users/mania/Desktop/New%20folder/New%20folder/b7be930f3a2f89991cd967c45c9e1381.jpg
